eat stimulus	eat response	count	dbpedia stimulus	dbpedia response
GULL	BIRD	35	http://dbpedia.org/resource/Gull	http://dbpedia.org/resource/Bird
ARREST	POLICE	33	http://dbpedia.org/resource/Arrest	http://dbpedia.org/resource/Police
GAMBLING	MONEY	21	http://dbpedia.org/resource/Gambling	http://dbpedia.org/resource/Money
DAGGER	KNIFE	26	http://dbpedia.org/resource/Dagger	http://dbpedia.org/resource/Knife
STALLION	MARE	20	http://dbpedia.org/resource/Stallion	http://dbpedia.org/resource/Mare
TROOPS	ARMY	21	http://dbpedia.org/resource/Troop	http://dbpedia.org/resource/Army
TROOPS	SOLDIERS	22	http://dbpedia.org/resource/Troop	http://dbpedia.org/resource/Soldier
RACQUET	TENNIS	59	http://dbpedia.org/resource/Racket_(sports_equipment)	http://dbpedia.org/resource/Tennis
ANXIETY	WORRY	40	http://dbpedia.org/resource/Anxiety	http://dbpedia.org/resource/Worry
APPETITE	FOOD	43	http://dbpedia.org/resource/Appetite	http://dbpedia.org/resource/Food
GRAPES	WINE	24	http://dbpedia.org/resource/Grape	http://dbpedia.org/resource/Wine
SATIN	SILK	29	http://dbpedia.org/resource/Satin	http://dbpedia.org/resource/Silk
GLITTERS	GOLD	69	http://dbpedia.org/resource/Glitter	http://dbpedia.org/resource/Gold
ETHICS	MORALS	32	http://dbpedia.org/resource/Ethics	http://dbpedia.org/resource/Morality
GEOMETRY	MATHS	28	http://dbpedia.org/resource/Geometry	http://dbpedia.org/resource/Mathematics
GORILLA	APE	44	http://dbpedia.org/resource/Gorilla	http://dbpedia.org/resource/Ape
BUDGERIGAR	BIRD	34	http://dbpedia.org/resource/Budgerigar	http://dbpedia.org/resource/Bird
ENEMY	FRIEND	34	http://dbpedia.org/resource/Enemy	http://dbpedia.org/resource/Friendship
PETALS	FLOWERS	26	http://dbpedia.org/resource/Petal	http://dbpedia.org/resource/Flower
BREWING	BEER	63	http://dbpedia.org/resource/Brewing	http://dbpedia.org/resource/Beer
PUMP	WATER	26	http://dbpedia.org/resource/Pump	http://dbpedia.org/resource/Water
TADPOLE	FROG	50	http://dbpedia.org/resource/Tadpole	http://dbpedia.org/resource/Frog
MILKMAID	COW	25	http://dbpedia.org/resource/Milkmaid	http://dbpedia.org/resource/Cattle
MEALS	FOOD	38	http://dbpedia.org/resource/Meal	http://dbpedia.org/resource/Food
RIGGING	SHIP	31	http://dbpedia.org/resource/Rigging	http://dbpedia.org/resource/Ship
CROW	BIRD	34	http://dbpedia.org/resource/Crow	http://dbpedia.org/resource/Bird
KENNELS	DOGS	71	http://dbpedia.org/resource/Kennel	http://dbpedia.org/resource/Dog
UMBRELLA	RAIN	58	http://dbpedia.org/resource/Umbrella	http://dbpedia.org/resource/Rain
RHYTHM	MUSIC	20	http://dbpedia.org/resource/Rhythm	http://dbpedia.org/resource/Music
SHORE	SEA	44	http://dbpedia.org/resource/Shore	http://dbpedia.org/resource/Sea
LICHEN	MOSS	38	http://dbpedia.org/resource/Lichen	http://dbpedia.org/resource/Moss
CORONER	DEATH	36	http://dbpedia.org/resource/Coroner	http://dbpedia.org/resource/Death
GREYHOUNDS	DOGS	24	http://dbpedia.org/resource/Greyhound	http://dbpedia.org/resource/Dog
CALCULATION	SUM	21	http://dbpedia.org/resource/Calculation	http://dbpedia.org/resource/Summation
WOOL	SHEEP	30	http://dbpedia.org/resource/Wool	http://dbpedia.org/resource/Sheep
LANTERN	LIGHT	41	http://dbpedia.org/resource/Lantern	http://dbpedia.org/resource/Light
PARROT	BIRD	21	http://dbpedia.org/resource/Parrot	http://dbpedia.org/resource/Bird
FISHES	SEA	20	http://dbpedia.org/resource/Fish	http://dbpedia.org/resource/Sea
CLUTCH	CAR	25	http://dbpedia.org/resource/Clutch	http://dbpedia.org/resource/Automobile
STALLION	HORSE	59	http://dbpedia.org/resource/Stallion	http://dbpedia.org/resource/Horse
WIFE	HUSBAND	46	http://dbpedia.org/resource/Wife	http://dbpedia.org/resource/Husband
HAEMORRHAGE	BLOOD	54	http://dbpedia.org/resource/Bleeding	http://dbpedia.org/resource/Blood
CIGARS	SMOKE	38	http://dbpedia.org/resource/Cigar	http://dbpedia.org/resource/Smoke
CONVENT	NUN	48	http://dbpedia.org/resource/Convent	http://dbpedia.org/resource/Nun
BEARD	HAIR	20	http://dbpedia.org/resource/Beard	http://dbpedia.org/resource/Hair
ECONOMY	MONEY	24	http://dbpedia.org/resource/Economy	http://dbpedia.org/resource/Money
PRISONERS	WAR	20	http://dbpedia.org/resource/Prisoner	http://dbpedia.org/resource/War
CLOWN	CIRCUS	26	http://dbpedia.org/resource/Clown	http://dbpedia.org/resource/Circus
AFTERNOON	EVENING	21	http://dbpedia.org/resource/Afternoon	http://dbpedia.org/resource/Evening
CRAYON	PENCIL	31	http://dbpedia.org/resource/Crayon	http://dbpedia.org/resource/Pencil
FARE	BUS	39	http://dbpedia.org/resource/Fare	http://dbpedia.org/resource/Bus
LESSONS	SCHOOL	21	http://dbpedia.org/resource/Lesson	http://dbpedia.org/resource/School
JAILOR	PRISON	25	http://dbpedia.org/resource/Prison_officer	http://dbpedia.org/resource/Prison
POLICEMAN	LAW	21	http://dbpedia.org/resource/Police_officer	http://dbpedia.org/resource/Law
SNEEZE	COUGH	27	http://dbpedia.org/resource/Sneeze	http://dbpedia.org/resource/Cough
MATCHBOX	MATCHES	21	http://dbpedia.org/resource/Matchbox	http://dbpedia.org/resource/Match
PERFUME	SCENT	22	http://dbpedia.org/resource/Perfume	http://dbpedia.org/resource/Odor
MOURNING	DEATH	27	http://dbpedia.org/resource/Mourning	http://dbpedia.org/resource/Death
RODENTS	RATS	56	http://dbpedia.org/resource/Rodent	http://dbpedia.org/resource/Rat
PENINSULA	ISLAND	24	http://dbpedia.org/resource/Peninsula	http://dbpedia.org/resource/Island
VOCATION	JOB	25	http://dbpedia.org/resource/Vocation	http://dbpedia.org/resource/Job
WEEKS	DAYS	38	http://dbpedia.org/resource/Week	http://dbpedia.org/resource/Day
EMPLOYMENT	JOB	27	http://dbpedia.org/resource/Employment	http://dbpedia.org/resource/Job
BAKERY	BREAD	41	http://dbpedia.org/resource/Bakery	http://dbpedia.org/resource/Bread
BOTTLES	BEER	35	http://dbpedia.org/resource/Bottle	http://dbpedia.org/resource/Beer
CORPS	ARMY	34	http://dbpedia.org/resource/Corps	http://dbpedia.org/resource/Army
CHALET	SWITZERLAND	22	http://dbpedia.org/resource/Chalet	http://dbpedia.org/resource/Switzerland
STATURE	HEIGHT	37	http://dbpedia.org/resource/Human_height	http://dbpedia.org/resource/Height
ALDERMAN	MAYOR	22	http://dbpedia.org/resource/Alderman	http://dbpedia.org/resource/Mayor
STRATEGY	PLAN	33	http://dbpedia.org/resource/Strategy	http://dbpedia.org/resource/Plan
SNIPE	BIRD	22	http://dbpedia.org/resource/Snipe	http://dbpedia.org/resource/Bird
BARK	TREE	26	http://dbpedia.org/resource/Bark	http://dbpedia.org/resource/Tree
NOSTRIL	NOSE	69	http://dbpedia.org/resource/Nostril	http://dbpedia.org/resource/Nose
ANVIL	BLACKSMITH	23	http://dbpedia.org/resource/Anvil	http://dbpedia.org/resource/Blacksmith
TREES	LEAVES	20	http://dbpedia.org/resource/Tree	http://dbpedia.org/resource/Leaf
LOCOMOTIVE	TRAIN	50	http://dbpedia.org/resource/Locomotive	http://dbpedia.org/resource/Train
PAYMENT	MONEY	36	http://dbpedia.org/resource/Payment	http://dbpedia.org/resource/Money
SEAMAN	SAILOR	27	http://dbpedia.org/resource/Seaman	http://dbpedia.org/resource/Sailor
INTESTINES	GUTS	21	http://dbpedia.org/resource/Human_gastrointestinal_tract	http://dbpedia.org/resource/Gut_(anatomy)
STATIONERY	PAPER	39	http://dbpedia.org/resource/Stationery	http://dbpedia.org/resource/Paper
HOPS	BEER	43	http://dbpedia.org/resource/Hops	http://dbpedia.org/resource/Beer
FROCK	DRESS	35	http://dbpedia.org/resource/Frock	http://dbpedia.org/resource/Dress
HARPOON	SPEAR	21	http://dbpedia.org/resource/Harpoon	http://dbpedia.org/resource/Spear
TOMB	GRAVE	23	http://dbpedia.org/resource/Tomb	http://dbpedia.org/resource/Grave
STAMEN	FLOWER	42	http://dbpedia.org/resource/Stamen	http://dbpedia.org/resource/Flower
HEADACHE	PAIN	47	http://dbpedia.org/resource/Headache	http://dbpedia.org/resource/Pain
ROME	ITALY	29	http://dbpedia.org/resource/Rome	http://dbpedia.org/resource/Italy
VILLAGE	TOWN	24	http://dbpedia.org/resource/Village	http://dbpedia.org/resource/Town
OCTAVES	MUSIC	45	http://dbpedia.org/resource/Octave	http://dbpedia.org/resource/Music
FLOUNDER	FISH	25	http://dbpedia.org/resource/Flounder	http://dbpedia.org/resource/Fish
BRAHMS	MUSIC	37	http://dbpedia.org/resource/Johannes_Brahms	http://dbpedia.org/resource/Music
JOKE	LAUGH	43	http://dbpedia.org/resource/Joke	http://dbpedia.org/resource/Laughter
JAUNDICE	YELLOW	77	http://dbpedia.org/resource/Jaundice	http://dbpedia.org/resource/Yellow
FOREST	TREES	28	http://dbpedia.org/resource/Forest	http://dbpedia.org/resource/Tree
LIMP	LEG	23	http://dbpedia.org/resource/Limp	http://dbpedia.org/resource/Leg
BRIGHTNESS	LIGHT	36	http://dbpedia.org/resource/Brightness	http://dbpedia.org/resource/Light
NAVIGATION	SHIP	20	http://dbpedia.org/resource/Navigation	http://dbpedia.org/resource/Ship
IRELAND	GREEN	25	http://dbpedia.org/resource/Ireland	http://dbpedia.org/resource/Green
PENCE	MONEY	20	http://dbpedia.org/resource/Penny	http://dbpedia.org/resource/Money
EIGHTEEN	NINETEEN	31	http://dbpedia.org/resource/18_(number)	http://dbpedia.org/resource/19_(number)
WEALTH	MONEY	26	http://dbpedia.org/resource/Wealth	http://dbpedia.org/resource/Money
SNORE	SLEEP	47	http://dbpedia.org/resource/Snoring	http://dbpedia.org/resource/Sleep
CUISINE	KITCHEN	21	http://dbpedia.org/resource/Cuisine	http://dbpedia.org/resource/Kitchen
ARITHMETIC	MATHS	21	http://dbpedia.org/resource/Arithmetic	http://dbpedia.org/resource/Mathematics
FOG	MIST	26	http://dbpedia.org/resource/Fog	http://dbpedia.org/resource/Mist
FELONY	CRIME	41	http://dbpedia.org/resource/Felony	http://dbpedia.org/resource/Crime
HARE	RABBIT	37	http://dbpedia.org/resource/Hare	http://dbpedia.org/resource/Rabbit
PISTOL	GUN	42	http://dbpedia.org/resource/Pistol	http://dbpedia.org/resource/Gun
OXYGEN	AIR	20	http://dbpedia.org/resource/Oxygen	http://dbpedia.org/resource/Atmosphere_of_Earth
PINTS	MILK	25	http://dbpedia.org/resource/Pint	http://dbpedia.org/resource/Milk
FILLY	HORSE	55	http://dbpedia.org/resource/Filly	http://dbpedia.org/resource/Horse
OVERDRAFT	BANK	50	http://dbpedia.org/resource/Overdraft	http://dbpedia.org/resource/Bank
PARSON	VICAR	28	http://dbpedia.org/resource/Parson	http://dbpedia.org/resource/Vicar
REVEREND	VICAR	24	http://dbpedia.org/resource/The_Reverend	http://dbpedia.org/resource/Vicar
MOZART	MUSIC	46	http://dbpedia.org/resource/Wolfgang_Amadeus_Mozart	http://dbpedia.org/resource/Music
GALE	WIND	41	http://dbpedia.org/resource/Gale	http://dbpedia.org/resource/Wind
CASKS	WINE	23	http://dbpedia.org/resource/Barrel	http://dbpedia.org/resource/Wine
PYJAMAS	BED	33	http://dbpedia.org/resource/Pajamas	http://dbpedia.org/resource/Bed
SAWDUST	WOOD	32	http://dbpedia.org/resource/Sawdust	http://dbpedia.org/resource/Wood
ODONTOLOGY	TEETH	23	http://dbpedia.org/resource/Dentistry	http://dbpedia.org/resource/Tooth
SQUARES	CIRCLES	26	http://dbpedia.org/resource/Square	http://dbpedia.org/resource/Circle
TEACUP	SAUCER	38	http://dbpedia.org/resource/Teacup	http://dbpedia.org/resource/Saucer
WAVES	SEA	57	http://dbpedia.org/resource/Wave	http://dbpedia.org/resource/Sea
VEHICLE	CAR	79	http://dbpedia.org/resource/Vehicle	http://dbpedia.org/resource/Automobile
FANGS	TEETH	41	http://dbpedia.org/resource/Fang	http://dbpedia.org/resource/Tooth
JEEP	CAR	29	http://dbpedia.org/resource/Jeep	http://dbpedia.org/resource/Automobile
VINEGAR	SALT	33	http://dbpedia.org/resource/Vinegar	http://dbpedia.org/resource/Salt
HAMMOCK	BED	28	http://dbpedia.org/resource/Hammock	http://dbpedia.org/resource/Bed
SKIING	SNOW	42	http://dbpedia.org/resource/Skiing	http://dbpedia.org/resource/Snow
MONKEYS	APES	22	http://dbpedia.org/resource/Monkey	http://dbpedia.org/resource/Ape
CAVALRY	HORSE	22	http://dbpedia.org/resource/Cavalry	http://dbpedia.org/resource/Horse
RESURRECTION	CHRIST	34	http://dbpedia.org/resource/Resurrection	http://dbpedia.org/resource/Christ
FLUID	WATER	24	http://dbpedia.org/resource/Fluid	http://dbpedia.org/resource/Water
SOOT	BLACK	37	http://dbpedia.org/resource/Soot	http://dbpedia.org/resource/Black
SHILLING	PENCE	20	http://dbpedia.org/resource/Shilling	http://dbpedia.org/resource/Penny
PARKING	CAR	23	http://dbpedia.org/resource/Parking	http://dbpedia.org/resource/Automobile
BOY	GIRL	78	http://dbpedia.org/resource/Boy	http://dbpedia.org/resource/Girl
CROP	WHEAT	26	http://dbpedia.org/resource/Crop	http://dbpedia.org/resource/Wheat
LARD	FAT	30	http://dbpedia.org/resource/Lard	http://dbpedia.org/resource/Fat
MONASTERY	MONKS	23	http://dbpedia.org/resource/Monastery	http://dbpedia.org/resource/Monk
POLLEN	FLOWER	26	http://dbpedia.org/resource/Pollen	http://dbpedia.org/resource/Flower
BUNGALOW	HOUSE	58	http://dbpedia.org/resource/Bungalow	http://dbpedia.org/resource/House
SADDLE	HORSE	63	http://dbpedia.org/resource/Saddle	http://dbpedia.org/resource/Horse
DREAMS	SLEEP	35	http://dbpedia.org/resource/Dream	http://dbpedia.org/resource/Sleep
GROIN	LEG	21	http://dbpedia.org/resource/Groin	http://dbpedia.org/resource/Leg
QUILT	BED	28	http://dbpedia.org/resource/Quilt	http://dbpedia.org/resource/Bed
TUMMY	STOMACH	22	http://dbpedia.org/resource/Abdomen	http://dbpedia.org/resource/Stomach
LICKING	DOG	21	http://dbpedia.org/resource/Licking	http://dbpedia.org/resource/Dog
ORE	GOLD	20	http://dbpedia.org/resource/Ore	http://dbpedia.org/resource/Gold
SECT	RELIGION	23	http://dbpedia.org/resource/Sect	http://dbpedia.org/resource/Religion
LEDGER	BOOK	33	http://dbpedia.org/resource/Ledger	http://dbpedia.org/resource/Book
INN	PUB	26	http://dbpedia.org/resource/Inn	http://dbpedia.org/resource/Pub
MISER	MONEY	29	http://dbpedia.org/resource/Miser	http://dbpedia.org/resource/Money
JULY	AUGUST	40	http://dbpedia.org/resource/July	http://dbpedia.org/resource/August
CARNATIONS	FLOWERS	37	http://dbpedia.org/resource/Dianthus_caryophyllus	http://dbpedia.org/resource/Flower
BROTH	SOUP	55	http://dbpedia.org/resource/Broth	http://dbpedia.org/resource/Soup
SHOVEL	SPADE	43	http://dbpedia.org/resource/Shovel	http://dbpedia.org/resource/Spade
TILE	ROOF	36	http://dbpedia.org/resource/Tile	http://dbpedia.org/resource/Roof
NAPPY	BABY	38	http://dbpedia.org/resource/Diaper	http://dbpedia.org/resource/Infant
SPOON	FORK	21	http://dbpedia.org/resource/Spoon	http://dbpedia.org/resource/Fork
OMELETTE	EGG	44	http://dbpedia.org/resource/Omelette	http://dbpedia.org/resource/Egg
GIBBON	MONKEY	26	http://dbpedia.org/resource/Gibbon	http://dbpedia.org/resource/Monkey
MACKEREL	FISH	79	http://dbpedia.org/resource/Mackerel	http://dbpedia.org/resource/Fish
NAPPIES	BABIES	33	http://dbpedia.org/resource/Diaper	http://dbpedia.org/resource/Infant
IRRITATION	ITCH	20	http://dbpedia.org/resource/Irritation	http://dbpedia.org/resource/Itch
HARBOURS	SHIPS	41	http://dbpedia.org/resource/Harbor	http://dbpedia.org/resource/Ship
BLADE	RAZOR	20	http://dbpedia.org/resource/Blade	http://dbpedia.org/resource/Razor
BAKER	BREAD	39	http://dbpedia.org/resource/Baker	http://dbpedia.org/resource/Bread
PINTS	BEER	40	http://dbpedia.org/resource/Pint	http://dbpedia.org/resource/Beer
REPTILE	SNAKE	27	http://dbpedia.org/resource/Reptile	http://dbpedia.org/resource/Snake
RESORT	HOLIDAY	28	http://dbpedia.org/resource/Resort	http://dbpedia.org/resource/Holiday
POTTAGE	SOUP	37	http://dbpedia.org/resource/Pottage	http://dbpedia.org/resource/Soup
ANGUISH	PAIN	30	http://dbpedia.org/resource/Anguish	http://dbpedia.org/resource/Pain
FRIEND	ENEMY	22	http://dbpedia.org/resource/Friendship	http://dbpedia.org/resource/Enemy
SAP	TREE	52	http://dbpedia.org/resource/Plant_sap	http://dbpedia.org/resource/Tree
NOUN	VERB	44	http://dbpedia.org/resource/Noun	http://dbpedia.org/resource/Verb
BURROW	RABBIT	44	http://dbpedia.org/resource/Burrow	http://dbpedia.org/resource/Rabbit
RUIN	CASTLE	21	http://dbpedia.org/resource/Ruins	http://dbpedia.org/resource/Castle
PERJURY	LIE	23	http://dbpedia.org/resource/Perjury	http://dbpedia.org/resource/Lie
SPOUSE	HUSBAND	22	http://dbpedia.org/resource/Spouse	http://dbpedia.org/resource/Husband
SEATBELT	CAR	47	http://dbpedia.org/resource/Seat_belt	http://dbpedia.org/resource/Automobile
QUADRUPED	FOUR	27	http://dbpedia.org/resource/Quadrupedalism	http://dbpedia.org/resource/4_(number)
BUSHES	TREES	22	http://dbpedia.org/resource/Shrub	http://dbpedia.org/resource/Tree
GENTLEMAN	LADY	38	http://dbpedia.org/resource/Gentleman	http://dbpedia.org/resource/Lady
BARRACKS	SOLDIERS	34	http://dbpedia.org/resource/Barracks	http://dbpedia.org/resource/Soldier
TILES	ROOF	25	http://dbpedia.org/resource/Tile	http://dbpedia.org/resource/Roof
TOOTHACHE	PAIN	38	http://dbpedia.org/resource/Toothache	http://dbpedia.org/resource/Pain
TRUTH	LIE	24	http://dbpedia.org/resource/Truth	http://dbpedia.org/resource/Lie
PILLOW	SLEEP	22	http://dbpedia.org/resource/Pillow	http://dbpedia.org/resource/Sleep
TULIP	FLOWER	26	http://dbpedia.org/resource/Tulip	http://dbpedia.org/resource/Flower
FOUNDRY	IRON	55	http://dbpedia.org/resource/Foundry	http://dbpedia.org/resource/Iron
KNEECAP	LEG	20	http://dbpedia.org/resource/Patella	http://dbpedia.org/resource/Leg
MOTORS	CARS	37	http://dbpedia.org/resource/Engine	http://dbpedia.org/resource/Automobile
GREEN	GRASS	30	http://dbpedia.org/resource/Green	http://dbpedia.org/resource/Grass
SKI	SNOW	26	http://dbpedia.org/resource/Ski	http://dbpedia.org/resource/Snow
ASPIDISTRA	PLANT	26	http://dbpedia.org/resource/Aspidistra	http://dbpedia.org/resource/Plant
ARSON	FIRE	63	http://dbpedia.org/resource/Arson	http://dbpedia.org/resource/Fire
BREEDS	DOGS	20	http://dbpedia.org/resource/Breed	http://dbpedia.org/resource/Dog
BLIGHT	POTATO	24	http://dbpedia.org/resource/Blight	http://dbpedia.org/resource/Potato
CRUCIFIX	CROSS	32	http://dbpedia.org/resource/Crucifix	http://dbpedia.org/resource/Cross
COIN	MONEY	20	http://dbpedia.org/resource/Coin	http://dbpedia.org/resource/Money
PAWS	CAT	25	http://dbpedia.org/resource/Paw	http://dbpedia.org/resource/Cat
MAUVE	PURPLE	34	http://dbpedia.org/resource/Mauve	http://dbpedia.org/resource/Purple
COLOUR	RED	31	http://dbpedia.org/resource/Color	http://dbpedia.org/resource/Red
PINEAPPLE	FRUIT	23	http://dbpedia.org/resource/Pineapple	http://dbpedia.org/resource/Fruit
NAPE	NECK	79	http://dbpedia.org/resource/Nape	http://dbpedia.org/resource/Neck
CONSTABLE	POLICE	24	http://dbpedia.org/resource/Constable	http://dbpedia.org/resource/Police
SEAT	CHAIR	20	http://dbpedia.org/resource/Seat	http://dbpedia.org/resource/Chair
ROMPER	BABY	22	http://dbpedia.org/resource/Romper_suit	http://dbpedia.org/resource/Infant
SAUSAGE	MEAT	20	http://dbpedia.org/resource/Sausage	http://dbpedia.org/resource/Meat
ARMOUR	KNIGHT	21	http://dbpedia.org/resource/Armour	http://dbpedia.org/resource/Knight
CROWD	PEOPLE	33	http://dbpedia.org/resource/Crowd	http://dbpedia.org/resource/People
HARPSICHORD	MUSIC	28	http://dbpedia.org/resource/Harpsichord	http://dbpedia.org/resource/Music
CHIMPANZEE	MONKEY	42	http://dbpedia.org/resource/Chimpanzee	http://dbpedia.org/resource/Monkey
GELDING	HORSE	30	http://dbpedia.org/resource/Gelding	http://dbpedia.org/resource/Horse
LEAK	WATER	24	http://dbpedia.org/resource/Leak	http://dbpedia.org/resource/Water
CIGARETTES	SMOKE	26	http://dbpedia.org/resource/Cigarette	http://dbpedia.org/resource/Smoke
PUB	DRINK	26	http://dbpedia.org/resource/Pub	http://dbpedia.org/resource/Drink
FROTH	BEER	36	http://dbpedia.org/resource/Foam	http://dbpedia.org/resource/Beer
HOOVES	HORSES	41	http://dbpedia.org/resource/Hoof	http://dbpedia.org/resource/Horse
RECITAL	MUSIC	23	http://dbpedia.org/resource/Recital	http://dbpedia.org/resource/Music
ELECT	VOTE	26	http://dbpedia.org/resource/Election	http://dbpedia.org/resource/Voting
TIDE	SEA	28	http://dbpedia.org/resource/Tide	http://dbpedia.org/resource/Sea
PHYSICS	CHEMISTRY	23	http://dbpedia.org/resource/Physics	http://dbpedia.org/resource/Chemistry
ENVY	GREEN	28	http://dbpedia.org/resource/Envy	http://dbpedia.org/resource/Green
GIRAFFE	NECK	33	http://dbpedia.org/resource/Giraffe	http://dbpedia.org/resource/Neck
SANDAL	FOOT	20	http://dbpedia.org/resource/Sandal	http://dbpedia.org/resource/Foot
LIEUTENANT	ARMY	31	http://dbpedia.org/resource/Lieutenant	http://dbpedia.org/resource/Army
DOZEN	EGGS	34	http://dbpedia.org/resource/Dozen	http://dbpedia.org/resource/Egg
KITTENS	CAT	30	http://dbpedia.org/resource/Kitten	http://dbpedia.org/resource/Cat
PETROL	CAR	31	http://dbpedia.org/resource/Gasoline	http://dbpedia.org/resource/Automobile
FEMININE	MASCULINE	26	http://dbpedia.org/resource/Femininity	http://dbpedia.org/resource/Masculinity
HUSBAND	WIFE	85	http://dbpedia.org/resource/Husband	http://dbpedia.org/resource/Wife
LIBRARY	BOOKS	48	http://dbpedia.org/resource/Library	http://dbpedia.org/resource/Book
DATIVE	ABLATIVE	20	http://dbpedia.org/resource/Dative_case	http://dbpedia.org/resource/Ablative_case
CHEMISTRY	PHYSICS	23	http://dbpedia.org/resource/Chemistry	http://dbpedia.org/resource/Physics
PETREL	BIRD	35	http://dbpedia.org/resource/Petrel	http://dbpedia.org/resource/Bird
BEACH	SAND	28	http://dbpedia.org/resource/Beach	http://dbpedia.org/resource/Sand
SETTER	DOG	47	http://dbpedia.org/resource/Setter	http://dbpedia.org/resource/Dog
ANSWER	QUESTION	48	http://dbpedia.org/resource/Answer	http://dbpedia.org/resource/Question
CAFE	COFFEE	32	http://dbpedia.org/resource/Coffeehouse	http://dbpedia.org/resource/Coffee
BEETLE	INSECT	22	http://dbpedia.org/resource/Beetle	http://dbpedia.org/resource/Insect
TELEGRAM	NEWS	20	http://dbpedia.org/resource/Telegraphy	http://dbpedia.org/resource/News
HARES	RABBITS	37	http://dbpedia.org/resource/Hare	http://dbpedia.org/resource/Rabbit
OFFSPRING	CHILD	26	http://dbpedia.org/resource/Offspring	http://dbpedia.org/resource/Child
QUININE	DRUG	35	http://dbpedia.org/resource/Quinine	http://dbpedia.org/resource/Drug
PALATE	TASTE	20	http://dbpedia.org/resource/Palate	http://dbpedia.org/resource/Taste
HUMOUR	LAUGH	23	http://dbpedia.org/resource/Humour	http://dbpedia.org/resource/Laughter
KIPPER	FISH	31	http://dbpedia.org/resource/Kipper	http://dbpedia.org/resource/Fish
CHART	MAP	28	http://dbpedia.org/resource/Chart	http://dbpedia.org/resource/Map
SUMMER	WINTER	33	http://dbpedia.org/resource/Summer	http://dbpedia.org/resource/Winter
SOOT	CHIMNEY	23	http://dbpedia.org/resource/Soot	http://dbpedia.org/resource/Chimney
SLEDGE	SNOW	37	http://dbpedia.org/resource/Sled	http://dbpedia.org/resource/Snow
BACON	EGG	24	http://dbpedia.org/resource/Bacon	http://dbpedia.org/resource/Egg
CORROSION	RUST	47	http://dbpedia.org/resource/Corrosion	http://dbpedia.org/resource/Rust
SHOOTING	GUN	21	http://dbpedia.org/resource/Shooting	http://dbpedia.org/resource/Gun
YEAR	MONTH	21	http://dbpedia.org/resource/Year	http://dbpedia.org/resource/Month
STANZA	POEM	23	http://dbpedia.org/resource/Stanza	http://dbpedia.org/resource/Poetry
RECIPE	FOOD	24	http://dbpedia.org/resource/Recipe	http://dbpedia.org/resource/Food
BULLET	GUN	45	http://dbpedia.org/resource/Bullet	http://dbpedia.org/resource/Gun
ZOOLOGY	ANIMALS	30	http://dbpedia.org/resource/Zoology	http://dbpedia.org/resource/Animal
WING	BIRD	27	http://dbpedia.org/resource/Wing	http://dbpedia.org/resource/Bird
CENTIMETRE	INCH	20	http://dbpedia.org/resource/Centimetre	http://dbpedia.org/resource/Inch
DETERGENT	SOAP	32	http://dbpedia.org/resource/Detergent	http://dbpedia.org/resource/Soap
GERANIUM	FLOWER	32	http://dbpedia.org/resource/Geranium	http://dbpedia.org/resource/Flower
GARDENS	FLOWERS	36	http://dbpedia.org/resource/Garden	http://dbpedia.org/resource/Flower
FLAVOUR	TASTE	31	http://dbpedia.org/resource/Flavor	http://dbpedia.org/resource/Taste
ESTUARY	RIVER	57	http://dbpedia.org/resource/Estuary	http://dbpedia.org/resource/River
CEREBRUM	BRAIN	52	http://dbpedia.org/resource/Cerebrum	http://dbpedia.org/resource/Brain
SALAD	LETTUCE	21	http://dbpedia.org/resource/Salad	http://dbpedia.org/resource/Lettuce
SNORING	SLEEP	29	http://dbpedia.org/resource/Snoring	http://dbpedia.org/resource/Sleep
CIGAR	SMOKE	27	http://dbpedia.org/resource/Cigar	http://dbpedia.org/resource/Smoke
JUG	MILK	20	http://dbpedia.org/resource/Jug	http://dbpedia.org/resource/Milk
PAW	DOG	29	http://dbpedia.org/resource/Paw	http://dbpedia.org/resource/Dog
GALAXY	STARS	59	http://dbpedia.org/resource/Galaxy	http://dbpedia.org/resource/Star
RIFLE	GUN	27	http://dbpedia.org/resource/Rifle	http://dbpedia.org/resource/Gun
SUBURB	TOWN	20	http://dbpedia.org/resource/Suburb	http://dbpedia.org/resource/Town
CASKS	BEER	23	http://dbpedia.org/resource/Barrel	http://dbpedia.org/resource/Beer
KIPPERS	FISH	27	http://dbpedia.org/resource/Kipper	http://dbpedia.org/resource/Fish
SCYTHE	GRASS	20	http://dbpedia.org/resource/Scythe	http://dbpedia.org/resource/Grass
RIBBONS	HAIR	28	http://dbpedia.org/resource/Ribbon	http://dbpedia.org/resource/Hair
COIF	HAIR	38	http://dbpedia.org/resource/Coif	http://dbpedia.org/resource/Hair
HARMONY	MUSIC	21	http://dbpedia.org/resource/Harmony	http://dbpedia.org/resource/Music
BARRISTER	LAWYER	28	http://dbpedia.org/resource/Barrister	http://dbpedia.org/resource/Lawyer
PALATE	MOUTH	26	http://dbpedia.org/resource/Palate	http://dbpedia.org/resource/Mouth
PLEATS	SKIRT	57	http://dbpedia.org/resource/Pleat	http://dbpedia.org/resource/Skirt
MINERS	COAL	35	http://dbpedia.org/resource/Miner	http://dbpedia.org/resource/Coal
NAP	SLEEP	51	http://dbpedia.org/resource/Nap	http://dbpedia.org/resource/Sleep
AVERAGE	MEAN	21	http://dbpedia.org/resource/Average	http://dbpedia.org/resource/Mean
HERD	COWS	23	http://dbpedia.org/resource/Herd	http://dbpedia.org/resource/Cattle
SHIPMENT	CARGO	36	http://dbpedia.org/resource/Freight_transport	http://dbpedia.org/resource/Cargo
LIP	MOUTH	22	http://dbpedia.org/resource/Lip	http://dbpedia.org/resource/Mouth
MINER	COAL	38	http://dbpedia.org/resource/Miner	http://dbpedia.org/resource/Coal
GEOLOGY	ROCKS	44	http://dbpedia.org/resource/Geology	http://dbpedia.org/resource/Rock_(geology)
HEADMASTER	SCHOOL	33	http://dbpedia.org/resource/Head_teacher	http://dbpedia.org/resource/School
SUGARS	SWEET	20	http://dbpedia.org/resource/Sugar	http://dbpedia.org/resource/Sweetness
WINGS	BIRD	24	http://dbpedia.org/resource/Wing	http://dbpedia.org/resource/Bird
BRANCH	TREE	50	http://dbpedia.org/resource/Branch	http://dbpedia.org/resource/Tree
INMATE	PRISON	28	http://dbpedia.org/resource/Prisoner	http://dbpedia.org/resource/Prison
COMB	HAIR	59	http://dbpedia.org/resource/Comb	http://dbpedia.org/resource/Hair
ARM	LEG	40	http://dbpedia.org/resource/Arm	http://dbpedia.org/resource/Leg
VINES	GRAPES	47	http://dbpedia.org/resource/Vine	http://dbpedia.org/resource/Grape
CREW	SHIP	38	http://dbpedia.org/resource/Crew	http://dbpedia.org/resource/Ship
BRAKE	CAR	21	http://dbpedia.org/resource/Brake	http://dbpedia.org/resource/Automobile
DATA	COMPUTER	24	http://dbpedia.org/resource/Data	http://dbpedia.org/resource/Computer
LIGHTNING	THUNDER	28	http://dbpedia.org/resource/Lightning	http://dbpedia.org/resource/Thunder
STARLINGS	BIRDS	58	http://dbpedia.org/resource/Starling	http://dbpedia.org/resource/Bird
JUG	WATER	21	http://dbpedia.org/resource/Jug	http://dbpedia.org/resource/Water
OCEAN	SEA	36	http://dbpedia.org/resource/Ocean	http://dbpedia.org/resource/Sea
COINS	MONEY	44	http://dbpedia.org/resource/Coin	http://dbpedia.org/resource/Money
GIRDERS	STEEL	32	http://dbpedia.org/resource/Girder	http://dbpedia.org/resource/Steel
ACCIDENT	CAR	21	http://dbpedia.org/resource/Accident	http://dbpedia.org/resource/Automobile
MARTYR	SAINT	22	http://dbpedia.org/resource/Martyr	http://dbpedia.org/resource/Saint
NAPALM	BOMB	36	http://dbpedia.org/resource/Napalm	http://dbpedia.org/resource/Bomb
EXPORT	IMPORT	20	http://dbpedia.org/resource/Export	http://dbpedia.org/resource/Import
SEMIBREVES	MUSIC	43	http://dbpedia.org/resource/Whole_note	http://dbpedia.org/resource/Music
TINSEL	CHRISTMAS	34	http://dbpedia.org/resource/Tinsel	http://dbpedia.org/resource/Christmas
ACORN	TREE	36	http://dbpedia.org/resource/Acorn	http://dbpedia.org/resource/Tree
FRANCS	FRANCE	27	http://dbpedia.org/resource/Franc	http://dbpedia.org/resource/France
AMETHYST	STONE	31	http://dbpedia.org/resource/Amethyst	http://dbpedia.org/resource/Rock_(geology)
ACCOUNTANT	MONEY	28	http://dbpedia.org/resource/Accountant	http://dbpedia.org/resource/Money
TRACTOR	FARM	30	http://dbpedia.org/resource/Tractor	http://dbpedia.org/resource/Farm
CAREER	JOB	41	http://dbpedia.org/resource/Career	http://dbpedia.org/resource/Job
HERDS	COWS	34	http://dbpedia.org/resource/Herd	http://dbpedia.org/resource/Cattle
FRANCS	MONEY	33	http://dbpedia.org/resource/Franc	http://dbpedia.org/resource/Money
GALLOWS	HANGING	21	http://dbpedia.org/resource/Gallows	http://dbpedia.org/resource/Hanging
BLOSSOM	FLOWER	21	http://dbpedia.org/resource/Blossom	http://dbpedia.org/resource/Flower
CLOCKS	TIME	43	http://dbpedia.org/resource/Clock	http://dbpedia.org/resource/Time
SUMS	MATHS	20	http://dbpedia.org/resource/Summation	http://dbpedia.org/resource/Mathematics
SOMERSET	CIDER	30	http://dbpedia.org/resource/Somerset	http://dbpedia.org/resource/Cider
FOAL	HORSE	39	http://dbpedia.org/resource/Foal	http://dbpedia.org/resource/Horse
YACHTS	BOATS	28	http://dbpedia.org/resource/Yacht	http://dbpedia.org/resource/Boat
MONASTERY	MONK	40	http://dbpedia.org/resource/Monastery	http://dbpedia.org/resource/Monk
WAGES	MONEY	32	http://dbpedia.org/resource/Wage	http://dbpedia.org/resource/Money
BLACKSMITH	HORSE	20	http://dbpedia.org/resource/Blacksmith	http://dbpedia.org/resource/Horse
ANNOYANCE	ANGER	21	http://dbpedia.org/resource/Annoyance	http://dbpedia.org/resource/Anger
BEARDS	HAIR	23	http://dbpedia.org/resource/Beard	http://dbpedia.org/resource/Hair
NEEDS	WANTS	27	http://dbpedia.org/resource/Need	http://dbpedia.org/resource/Want
COLONEL	ARMY	32	http://dbpedia.org/resource/Colonel	http://dbpedia.org/resource/Army
BRINE	SEA	26	http://dbpedia.org/resource/Brine	http://dbpedia.org/resource/Sea
SHOES	SOCKS	20	http://dbpedia.org/resource/Shoe	http://dbpedia.org/resource/Sock
BARGES	CANAL	23	http://dbpedia.org/resource/Barge	http://dbpedia.org/resource/Canal
LARDER	FOOD	58	http://dbpedia.org/resource/Larder	http://dbpedia.org/resource/Food
BARN	HAY	20	http://dbpedia.org/resource/Barn	http://dbpedia.org/resource/Hay
CHERUBS	ANGELS	40	http://dbpedia.org/resource/Cherub	http://dbpedia.org/resource/Angel
TIMER	CLOCK	24	http://dbpedia.org/resource/Timer	http://dbpedia.org/resource/Clock
ANTIMONY	METAL	22	http://dbpedia.org/resource/Antimony	http://dbpedia.org/resource/Metal
PANSIES	FLOWERS	26	http://dbpedia.org/resource/Pansy	http://dbpedia.org/resource/Flower
WIG	HAIR	51	http://dbpedia.org/resource/Wig	http://dbpedia.org/resource/Hair
BEAK	BIRD	42	http://dbpedia.org/resource/Beak	http://dbpedia.org/resource/Bird
SUICIDE	DEATH	41	http://dbpedia.org/resource/Suicide	http://dbpedia.org/resource/Death
APES	MONKEYS	32	http://dbpedia.org/resource/Ape	http://dbpedia.org/resource/Monkey
HAZE	MIST	30	http://dbpedia.org/resource/Haze	http://dbpedia.org/resource/Mist
PROSPERITY	WEALTH	29	http://dbpedia.org/resource/Prosperity	http://dbpedia.org/resource/Wealth
WOMAN	MAN	59	http://dbpedia.org/resource/Woman	http://dbpedia.org/resource/Man
PORRIDGE	OATS	26	http://dbpedia.org/resource/Porridge	http://dbpedia.org/resource/Oat
ASTRONAUT	MOON	22	http://dbpedia.org/resource/Astronaut	http://dbpedia.org/resource/Moon
AUNT	UNCLE	61	http://dbpedia.org/resource/Aunt	http://dbpedia.org/resource/Uncle
PRESENTS	CHRISTMAS	23	http://dbpedia.org/resource/Gift	http://dbpedia.org/resource/Christmas
PUPPIES	DOGS	30	http://dbpedia.org/resource/Puppy	http://dbpedia.org/resource/Dog
WEATHER	RAIN	24	http://dbpedia.org/resource/Weather	http://dbpedia.org/resource/Rain
HOSTILE	ENEMY	24	http://dbpedia.org/resource/Hostility	http://dbpedia.org/resource/Enemy
HAEMOGLOBIN	BLOOD	66	http://dbpedia.org/resource/Hemoglobin	http://dbpedia.org/resource/Blood
FOUNTAIN	WATER	37	http://dbpedia.org/resource/Fountain	http://dbpedia.org/resource/Water
MOUSSE	CHOCOLATE	36	http://dbpedia.org/resource/Mousse	http://dbpedia.org/resource/Chocolate
SCALPEL	KNIFE	25	http://dbpedia.org/resource/Scalpel	http://dbpedia.org/resource/Knife
GULL	SEA	34	http://dbpedia.org/resource/Gull	http://dbpedia.org/resource/Sea
CONVICT	PRISON	23	http://dbpedia.org/resource/Convict	http://dbpedia.org/resource/Prison
CLOUDS	SKY	24	http://dbpedia.org/resource/Cloud	http://dbpedia.org/resource/Sky
CHRIST	JESUS	29	http://dbpedia.org/resource/Christ	http://dbpedia.org/resource/Jesus
CRATE	BEER	26	http://dbpedia.org/resource/Crate	http://dbpedia.org/resource/Beer
MIST	FOG	43	http://dbpedia.org/resource/Mist	http://dbpedia.org/resource/Fog
TRANQUILLITY	PEACE	38	http://dbpedia.org/resource/Tranquillity	http://dbpedia.org/resource/Peace
CACTUS	PLANT	42	http://dbpedia.org/resource/Cactus	http://dbpedia.org/resource/Plant
BARRELS	BEER	58	http://dbpedia.org/resource/Barrel	http://dbpedia.org/resource/Beer
WAGE	MONEY	26	http://dbpedia.org/resource/Wage	http://dbpedia.org/resource/Money
SARI	INDIA	22	http://dbpedia.org/resource/Sari	http://dbpedia.org/resource/India
GRAM	WEIGHT	40	http://dbpedia.org/resource/Gram	http://dbpedia.org/resource/Weight
INCH	MILE	26	http://dbpedia.org/resource/Inch	http://dbpedia.org/resource/Mile
LAKES	WATER	23	http://dbpedia.org/resource/Lake	http://dbpedia.org/resource/Water
DOCUMENT	PAPER	33	http://dbpedia.org/resource/Document	http://dbpedia.org/resource/Paper
STARLING	BIRD	58	http://dbpedia.org/resource/Starling	http://dbpedia.org/resource/Bird
FASCIST	HITLER	20	http://dbpedia.org/resource/Fascism	http://dbpedia.org/resource/Adolf_Hitler
DROUGHT	WATER	21	http://dbpedia.org/resource/Drought	http://dbpedia.org/resource/Water
CARTILAGE	KNEE	25	http://dbpedia.org/resource/Cartilage	http://dbpedia.org/resource/Knee
MONTH	YEAR	41	http://dbpedia.org/resource/Month	http://dbpedia.org/resource/Year
WHISK	EGG	29	http://dbpedia.org/resource/Whisk	http://dbpedia.org/resource/Egg
WOMB	BABY	20	http://dbpedia.org/resource/Uterus	http://dbpedia.org/resource/Infant
PARENT	FATHER	21	http://dbpedia.org/resource/Parent	http://dbpedia.org/resource/Father
DEBTS	MONEY	30	http://dbpedia.org/resource/Debt	http://dbpedia.org/resource/Money
JUDGE	JURY	44	http://dbpedia.org/resource/Judge	http://dbpedia.org/resource/Jury
DENTIST	TEETH	30	http://dbpedia.org/resource/Dentist	http://dbpedia.org/resource/Tooth
HAGGIS	SCOTLAND	31	http://dbpedia.org/resource/Haggis	http://dbpedia.org/resource/Scotland
BUD	FLOWER	26	http://dbpedia.org/resource/Bud	http://dbpedia.org/resource/Flower
HEADGEAR	HAT	41	http://dbpedia.org/resource/Headgear	http://dbpedia.org/resource/Hat
METRES	YARDS	22	http://dbpedia.org/resource/Metre	http://dbpedia.org/resource/Yard
BELIEF	RELIGION	20	http://dbpedia.org/resource/Belief	http://dbpedia.org/resource/Religion
TWO	THREE	33	http://dbpedia.org/resource/2_(number)	http://dbpedia.org/resource/3_(number)
BOULDERS	ROCKS	42	http://dbpedia.org/resource/Boulder	http://dbpedia.org/resource/Rock_(geology)
VELOCITY	SPEED	63	http://dbpedia.org/resource/Velocity	http://dbpedia.org/resource/Speed
OSTRICH	BIRD	20	http://dbpedia.org/resource/Ostrich	http://dbpedia.org/resource/Bird
ORCHARD	APPLE	23	http://dbpedia.org/resource/Orchard	http://dbpedia.org/resource/Apple
MACKINTOSH	RAIN	31	http://dbpedia.org/resource/Mackintosh	http://dbpedia.org/resource/Rain
DRAWBRIDGE	CASTLE	50	http://dbpedia.org/resource/Drawbridge	http://dbpedia.org/resource/Castle
LARD	BUTTER	23	http://dbpedia.org/resource/Lard	http://dbpedia.org/resource/Butter
PUPILS	EYES	37	http://dbpedia.org/resource/Pupil	http://dbpedia.org/resource/Eye
MOSAIC	PATTERN	24	http://dbpedia.org/resource/Mosaic	http://dbpedia.org/resource/Pattern
PEELER	POTATO	36	http://dbpedia.org/resource/Peeler	http://dbpedia.org/resource/Potato
DAVID	GOLIATH	28	http://dbpedia.org/resource/David	http://dbpedia.org/resource/Goliath
STRUCTURE	BUILDING	29	http://dbpedia.org/resource/Structure	http://dbpedia.org/resource/Building
CONSTELLATION	STAR	33	http://dbpedia.org/resource/Constellation	http://dbpedia.org/resource/Star
BUSES	RED	20	http://dbpedia.org/resource/Bus	http://dbpedia.org/resource/Red
HAEMORRHOIDS	BLOOD	27	http://dbpedia.org/resource/Hemorrhoid	http://dbpedia.org/resource/Blood
REGIMENT	ARMY	43	http://dbpedia.org/resource/Regiment	http://dbpedia.org/resource/Army
TARMAC	ROAD	59	http://dbpedia.org/resource/Tarmac	http://dbpedia.org/resource/Road
ACID	ALKALI	20	http://dbpedia.org/resource/Acid	http://dbpedia.org/resource/Alkali
FLAMES	FIRE	55	http://dbpedia.org/resource/Flame	http://dbpedia.org/resource/Fire
BRAKES	CAR	35	http://dbpedia.org/resource/Brake	http://dbpedia.org/resource/Automobile
RELIGION	GOD	23	http://dbpedia.org/resource/Religion	http://dbpedia.org/resource/God
BRANCHES	TREE	39	http://dbpedia.org/resource/Branch	http://dbpedia.org/resource/Tree
CHOCOLATES	SWEETS	20	http://dbpedia.org/resource/Chocolate	http://dbpedia.org/resource/Candy
FLOOD	WATER	46	http://dbpedia.org/resource/Flood	http://dbpedia.org/resource/Water
LITRE	PINT	23	http://dbpedia.org/resource/Litre	http://dbpedia.org/resource/Pint
CRANIUM	HEAD	37	http://dbpedia.org/resource/Skull	http://dbpedia.org/resource/Head
FINCH	BIRD	42	http://dbpedia.org/resource/Finch	http://dbpedia.org/resource/Bird
CARTON	BOX	24	http://dbpedia.org/resource/Carton	http://dbpedia.org/resource/Box
REAGENTS	CHEMISTRY	22	http://dbpedia.org/resource/Reagent	http://dbpedia.org/resource/Chemistry
HARPOON	WHALE	24	http://dbpedia.org/resource/Harpoon	http://dbpedia.org/resource/Whale
CHERRIES	RED	23	http://dbpedia.org/resource/Cherry	http://dbpedia.org/resource/Red
GNAT	FLY	22	http://dbpedia.org/resource/Gnat	http://dbpedia.org/resource/Fly
PERSONS	PEOPLE	53	http://dbpedia.org/resource/Person	http://dbpedia.org/resource/People
PETS	DOGS	23	http://dbpedia.org/resource/Pet	http://dbpedia.org/resource/Dog
MIRE	MUD	28	http://dbpedia.org/resource/Mire	http://dbpedia.org/resource/Mud
SUFFERER	PAIN	28	http://dbpedia.org/resource/Suffering	http://dbpedia.org/resource/Pain
COLOURS	RED	21	http://dbpedia.org/resource/Color	http://dbpedia.org/resource/Red
CARPENTRY	WOOD	48	http://dbpedia.org/resource/Carpentry	http://dbpedia.org/resource/Wood
FEE	MONEY	31	http://dbpedia.org/resource/Fee	http://dbpedia.org/resource/Money
HURRICANE	WIND	27	http://dbpedia.org/resource/Tropical_cyclone	http://dbpedia.org/resource/Wind
LIE	TRUTH	26	http://dbpedia.org/resource/Lie	http://dbpedia.org/resource/Truth
REMITTANCE	MONEY	27	http://dbpedia.org/resource/Remittance	http://dbpedia.org/resource/Money
VINE	GRAPE	35	http://dbpedia.org/resource/Vine	http://dbpedia.org/resource/Grape
IMPRESSIONISM	ART	25	http://dbpedia.org/resource/Impressionism	http://dbpedia.org/resource/Art
HOMOSEXUAL	QUEER	27	http://dbpedia.org/resource/Homosexuality	http://dbpedia.org/resource/Queer
DAFFODILS	YELLOW	27	http://dbpedia.org/resource/Narcissus_(plant)	http://dbpedia.org/resource/Yellow
GLOOM	DARK	25	http://dbpedia.org/resource/Gloom	http://dbpedia.org/resource/Darkness
LAMPSHADE	LIGHT	44	http://dbpedia.org/resource/Lampshade	http://dbpedia.org/resource/Light
SANDAL	SHOE	27	http://dbpedia.org/resource/Sandal	http://dbpedia.org/resource/Shoe
VEAL	HAM	24	http://dbpedia.org/resource/Veal	http://dbpedia.org/resource/Ham
OAR	BOAT	47	http://dbpedia.org/resource/Oar	http://dbpedia.org/resource/Boat
FETE	GARDEN	25	http://dbpedia.org/resource/F%C3%AAte	http://dbpedia.org/resource/Garden
COMA	SLEEP	32	http://dbpedia.org/resource/Coma	http://dbpedia.org/resource/Sleep
ORPHAN	CHILD	30	http://dbpedia.org/resource/Orphan	http://dbpedia.org/resource/Child
FURLONG	MILE	47	http://dbpedia.org/resource/Furlong	http://dbpedia.org/resource/Mile
LOFT	ATTIC	31	http://dbpedia.org/resource/Loft	http://dbpedia.org/resource/Attic
PEACE	WAR	42	http://dbpedia.org/resource/Peace	http://dbpedia.org/resource/War
CROCUS	FLOWER	36	http://dbpedia.org/resource/Crocus	http://dbpedia.org/resource/Flower
DESIRE	WANT	21	http://dbpedia.org/resource/Desire	http://dbpedia.org/resource/Want
OSPREY	BIRD	44	http://dbpedia.org/resource/Osprey	http://dbpedia.org/resource/Bird
KHAKI	SHORTS	22	http://dbpedia.org/resource/Khaki	http://dbpedia.org/resource/Shorts
SOLICITOR	LAW	21	http://dbpedia.org/resource/Solicitor	http://dbpedia.org/resource/Law
EDINBURGH	SCOTLAND	26	http://dbpedia.org/resource/Edinburgh	http://dbpedia.org/resource/Scotland
NOSTRILS	NOSE	70	http://dbpedia.org/resource/Nostril	http://dbpedia.org/resource/Nose
ADOLESCENCE	YOUTH	30	http://dbpedia.org/resource/Adolescence	http://dbpedia.org/resource/Youth
BARRACKS	ARMY	28	http://dbpedia.org/resource/Barracks	http://dbpedia.org/resource/Army
SHIVER	COLD	58	http://dbpedia.org/resource/Shivering	http://dbpedia.org/resource/Cold
CORPORAL	ARMY	20	http://dbpedia.org/resource/Corporal	http://dbpedia.org/resource/Army
SHILLINGS	PENCE	52	http://dbpedia.org/resource/Shilling	http://dbpedia.org/resource/Penny
MATRON	HOSPITAL	30	http://dbpedia.org/resource/Matron	http://dbpedia.org/resource/Hospital
BRANCHES	TREES	32	http://dbpedia.org/resource/Branch	http://dbpedia.org/resource/Tree
METRE	YARD	26	http://dbpedia.org/resource/Metre	http://dbpedia.org/resource/Yard
PERSPEX	GLASS	46	http://dbpedia.org/resource/Poly(methyl_methacrylate)	http://dbpedia.org/resource/Glass
ORANGES	APPLES	26	http://dbpedia.org/resource/Orange_(fruit)	http://dbpedia.org/resource/Apple
CABLE	WIRE	25	http://dbpedia.org/resource/Cable	http://dbpedia.org/resource/Wire
OARS	BOAT	51	http://dbpedia.org/resource/Oar	http://dbpedia.org/resource/Boat
GNU	ANIMAL	20	http://dbpedia.org/resource/Wildebeest	http://dbpedia.org/resource/Animal
PROFESSION	JOB	22	http://dbpedia.org/resource/Profession	http://dbpedia.org/resource/Job
TWIG	BRANCH	37	http://dbpedia.org/resource/Twig	http://dbpedia.org/resource/Branch
PUPPIES	DOG	27	http://dbpedia.org/resource/Puppy	http://dbpedia.org/resource/Dog
PILLOWS	BED	34	http://dbpedia.org/resource/Pillow	http://dbpedia.org/resource/Bed
KHAKI	ARMY	25	http://dbpedia.org/resource/Khaki	http://dbpedia.org/resource/Army
CASSOCK	PRIEST	21	http://dbpedia.org/resource/Cassock	http://dbpedia.org/resource/Priest
THIGH	LEG	35	http://dbpedia.org/resource/Thigh	http://dbpedia.org/resource/Leg
REFECTORY	FOOD	41	http://dbpedia.org/resource/Refectory	http://dbpedia.org/resource/Food
GRAMME	WEIGHT	45	http://dbpedia.org/resource/Gram	http://dbpedia.org/resource/Weight
LAUNDRY	WASHING	24	http://dbpedia.org/resource/Laundry	http://dbpedia.org/resource/Washing
VAN	CAR	21	http://dbpedia.org/resource/Van	http://dbpedia.org/resource/Automobile
DODGEMS	CARS	37	http://dbpedia.org/resource/Bumper_cars	http://dbpedia.org/resource/Automobile
HYPOTHALAMUS	BRAIN	26	http://dbpedia.org/resource/Hypothalamus	http://dbpedia.org/resource/Brain
TIGER	LION	25	http://dbpedia.org/resource/Tiger	http://dbpedia.org/resource/Lion
TICKLE	LAUGH	24	http://dbpedia.org/resource/Tickling	http://dbpedia.org/resource/Laughter
COWS	MILK	30	http://dbpedia.org/resource/Cattle	http://dbpedia.org/resource/Milk
COD	FISH	56	http://dbpedia.org/resource/Cod	http://dbpedia.org/resource/Fish
ARITHMETIC	SUMS	21	http://dbpedia.org/resource/Arithmetic	http://dbpedia.org/resource/Summation
RIFLES	GUNS	36	http://dbpedia.org/resource/Rifle	http://dbpedia.org/resource/Gun
AMNESIA	MEMORY	21	http://dbpedia.org/resource/Amnesia	http://dbpedia.org/resource/Memory
SEASCAPE	LANDSCAPE	30	http://dbpedia.org/resource/Seascape	http://dbpedia.org/resource/Landscape
ENGINE	CAR	20	http://dbpedia.org/resource/Engine	http://dbpedia.org/resource/Automobile
SONATA	MUSIC	23	http://dbpedia.org/resource/Sonata	http://dbpedia.org/resource/Music
VEAL	MEAT	31	http://dbpedia.org/resource/Veal	http://dbpedia.org/resource/Meat
GOATS	MILK	22	http://dbpedia.org/resource/Goat	http://dbpedia.org/resource/Milk
UNDERLAY	CARPET	55	http://dbpedia.org/resource/Underlay	http://dbpedia.org/resource/Carpet
CAMPING	TENT	34	http://dbpedia.org/resource/Camping	http://dbpedia.org/resource/Tent
SWEETNESS	SUGAR	31	http://dbpedia.org/resource/Sweetness	http://dbpedia.org/resource/Sugar
EXPENSES	MONEY	39	http://dbpedia.org/resource/Expense	http://dbpedia.org/resource/Money
BED	SLEEP	32	http://dbpedia.org/resource/Bed	http://dbpedia.org/resource/Sleep
BLISTER	FOOT	22	http://dbpedia.org/resource/Blister	http://dbpedia.org/resource/Foot
TANKS	WAR	21	http://dbpedia.org/resource/Tank	http://dbpedia.org/resource/War
THERMOMETER	HEAT	24	http://dbpedia.org/resource/Thermometer	http://dbpedia.org/resource/Heat
SCARF	NECK	23	http://dbpedia.org/resource/Scarf	http://dbpedia.org/resource/Neck
BUSBY	HAT	20	http://dbpedia.org/resource/Busby	http://dbpedia.org/resource/Hat
CLIMBING	MOUNTAIN	20	http://dbpedia.org/resource/Climbing	http://dbpedia.org/resource/Mountain
VIOLINS	MUSIC	27	http://dbpedia.org/resource/Violin	http://dbpedia.org/resource/Music
NETBALL	GAME	32	http://dbpedia.org/resource/Netball	http://dbpedia.org/resource/Game
DENTISTS	TEETH	45	http://dbpedia.org/resource/Dentist	http://dbpedia.org/resource/Tooth
WARMTH	COLD	23	http://dbpedia.org/resource/Heat	http://dbpedia.org/resource/Cold
KITTENS	CATS	28	http://dbpedia.org/resource/Kitten	http://dbpedia.org/resource/Cat
CRUCIFIX	CHRIST	24	http://dbpedia.org/resource/Crucifix	http://dbpedia.org/resource/Christ
BEETHOVEN	MUSIC	31	http://dbpedia.org/resource/Ludwig_van_Beethoven	http://dbpedia.org/resource/Music
NAPPIES	BABY	21	http://dbpedia.org/resource/Diaper	http://dbpedia.org/resource/Infant
PUPIL	EYE	33	http://dbpedia.org/resource/Pupil	http://dbpedia.org/resource/Eye
SPADE	SHOVEL	26	http://dbpedia.org/resource/Spade	http://dbpedia.org/resource/Shovel
RIFLEMAN	GUN	23	http://dbpedia.org/resource/Rifleman	http://dbpedia.org/resource/Gun
BROWN	BLACK	27	http://dbpedia.org/resource/Brown	http://dbpedia.org/resource/Black
SEVEN	EIGHT	36	http://dbpedia.org/resource/7_(number)	http://dbpedia.org/resource/8_(number)
COLLEAGUE	FRIEND	60	http://dbpedia.org/resource/Collegiality	http://dbpedia.org/resource/Friendship
LABYRINTH	MAZE	34	http://dbpedia.org/resource/Labyrinth	http://dbpedia.org/resource/Maze
RECTANGLE	SQUARE	56	http://dbpedia.org/resource/Rectangle	http://dbpedia.org/resource/Square
CURLERS	HAIR	60	http://dbpedia.org/resource/Hair_roller	http://dbpedia.org/resource/Hair
CLOUDS	RAIN	24	http://dbpedia.org/resource/Cloud	http://dbpedia.org/resource/Rain
KARATE	JUDO	20	http://dbpedia.org/resource/Karate	http://dbpedia.org/resource/Judo
PORTS	SHIPS	32	http://dbpedia.org/resource/Port	http://dbpedia.org/resource/Ship
PINT	BEER	38	http://dbpedia.org/resource/Pint	http://dbpedia.org/resource/Beer
MAUVE	COLOUR	20	http://dbpedia.org/resource/Mauve	http://dbpedia.org/resource/Color
ELMS	TREES	47	http://dbpedia.org/resource/Elm	http://dbpedia.org/resource/Tree
PLANET	MARS	25	http://dbpedia.org/resource/Planet	http://dbpedia.org/resource/Mars
SPOUSE	WIFE	57	http://dbpedia.org/resource/Spouse	http://dbpedia.org/resource/Wife
PARIS	FRANCE	25	http://dbpedia.org/resource/Paris	http://dbpedia.org/resource/France
TON	WEIGHT	37	http://dbpedia.org/resource/Ton	http://dbpedia.org/resource/Weight
COURTS	LAW	27	http://dbpedia.org/resource/Court	http://dbpedia.org/resource/Law
OESOPHAGUS	THROAT	24	http://dbpedia.org/resource/Esophagus	http://dbpedia.org/resource/Throat
LITERATURE	BOOKS	28	http://dbpedia.org/resource/Literature	http://dbpedia.org/resource/Book
SCAFFOLDING	BUILDING	28	http://dbpedia.org/resource/Scaffolding	http://dbpedia.org/resource/Building
HUE	COLOUR	27	http://dbpedia.org/resource/Hue	http://dbpedia.org/resource/Color
ALCHEMY	GOLD	24	http://dbpedia.org/resource/Alchemy	http://dbpedia.org/resource/Gold
CHEF	FOOD	22	http://dbpedia.org/resource/Chef	http://dbpedia.org/resource/Food
EARS	NOSE	21	http://dbpedia.org/resource/Ear	http://dbpedia.org/resource/Nose
CHEQUE	MONEY	32	http://dbpedia.org/resource/Cheque	http://dbpedia.org/resource/Money
HANDKERCHIEF	NOSE	23	http://dbpedia.org/resource/Handkerchief	http://dbpedia.org/resource/Nose
ICICLE	COLD	38	http://dbpedia.org/resource/Icicle	http://dbpedia.org/resource/Cold
TOOTHACHE	DENTIST	20	http://dbpedia.org/resource/Toothache	http://dbpedia.org/resource/Dentist
PLEAT	SKIRT	54	http://dbpedia.org/resource/Pleat	http://dbpedia.org/resource/Skirt
CAVALRY	HORSES	28	http://dbpedia.org/resource/Cavalry	http://dbpedia.org/resource/Horse
CANOE	BOAT	31	http://dbpedia.org/resource/Canoe	http://dbpedia.org/resource/Boat
QUARANTINE	DOGS	21	http://dbpedia.org/resource/Quarantine	http://dbpedia.org/resource/Dog
LICENCE	DRIVING	22	http://dbpedia.org/resource/License	http://dbpedia.org/resource/Driving
GERANIUM	PLANT	20	http://dbpedia.org/resource/Geranium	http://dbpedia.org/resource/Plant
SLEEPING	BED	21	http://dbpedia.org/resource/Sleep	http://dbpedia.org/resource/Bed
LEEK	WALES	33	http://dbpedia.org/resource/Leek	http://dbpedia.org/resource/Wales
BOULDER	STONE	23	http://dbpedia.org/resource/Boulder	http://dbpedia.org/resource/Rock_(geology)
MARE	HORSE	53	http://dbpedia.org/resource/Mare	http://dbpedia.org/resource/Horse
HOMICIDE	MURDER	34	http://dbpedia.org/resource/Homicide	http://dbpedia.org/resource/Murder
FIRS	TREES	46	http://dbpedia.org/resource/Fir	http://dbpedia.org/resource/Tree
NEUROLOGY	BRAIN	24	http://dbpedia.org/resource/Neurology	http://dbpedia.org/resource/Brain
SEATBELT	SAFETY	21	http://dbpedia.org/resource/Seat_belt	http://dbpedia.org/resource/Safety
CORPSE	DEAD	38	http://dbpedia.org/resource/Cadaver	http://dbpedia.org/resource/Death
AMEN	PRAYER	21	http://dbpedia.org/resource/Amen	http://dbpedia.org/resource/Prayer
WAVE	SEA	40	http://dbpedia.org/resource/Wave	http://dbpedia.org/resource/Sea
CRIMINOLOGY	POLICE	23	http://dbpedia.org/resource/Criminology	http://dbpedia.org/resource/Police
RAYON	NYLON	22	http://dbpedia.org/resource/Rayon	http://dbpedia.org/resource/Nylon
HEELS	SHOES	30	http://dbpedia.org/resource/Heel	http://dbpedia.org/resource/Shoe
ANGELS	HEAVEN	23	http://dbpedia.org/resource/Angel	http://dbpedia.org/resource/Heaven
SCONES	BUTTER	20	http://dbpedia.org/resource/Scone	http://dbpedia.org/resource/Butter
CAP	HAT	28	http://dbpedia.org/resource/Cap	http://dbpedia.org/resource/Hat
FEATHERS	BIRD	26	http://dbpedia.org/resource/Feather	http://dbpedia.org/resource/Bird
PLAYGROUND	CHILDREN	27	http://dbpedia.org/resource/Playground	http://dbpedia.org/resource/Child
SPLINTER	WOOD	54	http://dbpedia.org/resource/Splinter	http://dbpedia.org/resource/Wood
ENGAGEMENT	MARRIAGE	25	http://dbpedia.org/resource/Engagement	http://dbpedia.org/resource/Marriage
PEN	INK	30	http://dbpedia.org/resource/Pen	http://dbpedia.org/resource/Ink
HATRED	LOVE	22	http://dbpedia.org/resource/Hatred	http://dbpedia.org/resource/Love
SWALLOW	BIRD	27	http://dbpedia.org/resource/Swallow	http://dbpedia.org/resource/Bird
ONYX	STONE	31	http://dbpedia.org/resource/Onyx	http://dbpedia.org/resource/Rock_(geology)
WARDROBE	CLOTHES	59	http://dbpedia.org/resource/Wardrobe	http://dbpedia.org/resource/Clothing
TANKARD	BEER	52	http://dbpedia.org/resource/Tankard	http://dbpedia.org/resource/Beer
ANKLE	FOOT	28	http://dbpedia.org/resource/Ankle	http://dbpedia.org/resource/Foot
SOLICITOR	LAWYER	26	http://dbpedia.org/resource/Solicitor	http://dbpedia.org/resource/Lawyer
KNITTING	WOOL	22	http://dbpedia.org/resource/Knitting	http://dbpedia.org/resource/Wool
BAKING	BREAD	21	http://dbpedia.org/resource/Baking	http://dbpedia.org/resource/Bread
LEAVES	TREES	22	http://dbpedia.org/resource/Leaf	http://dbpedia.org/resource/Tree
DEITY	GOD	67	http://dbpedia.org/resource/Deity	http://dbpedia.org/resource/God
BRINE	SALT	42	http://dbpedia.org/resource/Brine	http://dbpedia.org/resource/Salt
THATCH	ROOF	43	http://dbpedia.org/resource/Thatching	http://dbpedia.org/resource/Roof
SAVING	MONEY	41	http://dbpedia.org/resource/Saving	http://dbpedia.org/resource/Money
FIREARM	GUN	64	http://dbpedia.org/resource/Firearm	http://dbpedia.org/resource/Gun
COSMOLOGY	STARS	26	http://dbpedia.org/resource/Cosmology	http://dbpedia.org/resource/Star
FLUE	CHIMNEY	41	http://dbpedia.org/resource/Flue	http://dbpedia.org/resource/Chimney
MAT	DOOR	20	http://dbpedia.org/resource/Mat	http://dbpedia.org/resource/Door
PETALS	FLOWER	33	http://dbpedia.org/resource/Petal	http://dbpedia.org/resource/Flower
TOYS	CHILDREN	20	http://dbpedia.org/resource/Toy	http://dbpedia.org/resource/Child
SHIPS	SEA	32	http://dbpedia.org/resource/Ship	http://dbpedia.org/resource/Sea
OFFSPRING	CHILDREN	25	http://dbpedia.org/resource/Offspring	http://dbpedia.org/resource/Child
THERMOMETER	TEMPERATURE	36	http://dbpedia.org/resource/Thermometer	http://dbpedia.org/resource/Temperature
UDDER	COW	69	http://dbpedia.org/resource/Udder	http://dbpedia.org/resource/Cattle
COLLEGE	UNIVERSITY	22	http://dbpedia.org/resource/College	http://dbpedia.org/resource/University
OCTOPUS	EIGHT	20	http://dbpedia.org/resource/Octopus	http://dbpedia.org/resource/8_(number)
ALUMINIUM	METAL	26	http://dbpedia.org/resource/Aluminium	http://dbpedia.org/resource/Metal
ROE	FISH	35	http://dbpedia.org/resource/Roe	http://dbpedia.org/resource/Fish
ZOO	ANIMALS	34	http://dbpedia.org/resource/Zoo	http://dbpedia.org/resource/Animal
CONFECTIONERY	SWEETS	50	http://dbpedia.org/resource/Confectionery	http://dbpedia.org/resource/Candy
HEARSE	DEATH	29	http://dbpedia.org/resource/Hearse	http://dbpedia.org/resource/Death
TOOTHBRUSH	TEETH	34	http://dbpedia.org/resource/Toothbrush	http://dbpedia.org/resource/Tooth
GALLON	PINT	22	http://dbpedia.org/resource/Gallon	http://dbpedia.org/resource/Pint
CLERGYMAN	VICAR	27	http://dbpedia.org/resource/Clergy	http://dbpedia.org/resource/Vicar
TRAMS	BUSES	24	http://dbpedia.org/resource/Tram	http://dbpedia.org/resource/Bus
ACCELERATION	SPEED	32	http://dbpedia.org/resource/Acceleration	http://dbpedia.org/resource/Speed
TERRAIN	LAND	26	http://dbpedia.org/resource/Terrain	http://dbpedia.org/resource/Land
LICENCE	CAR	20	http://dbpedia.org/resource/License	http://dbpedia.org/resource/Automobile
CITY	TOWN	28	http://dbpedia.org/resource/City	http://dbpedia.org/resource/Town
TOE	FOOT	28	http://dbpedia.org/resource/Toe	http://dbpedia.org/resource/Foot
SCULPTURE	ART	23	http://dbpedia.org/resource/Sculpture	http://dbpedia.org/resource/Art
SYRUP	TREACLE	21	http://dbpedia.org/resource/Syrup	http://dbpedia.org/resource/Treacle
EYES	BLUE	20	http://dbpedia.org/resource/Eye	http://dbpedia.org/resource/Blue
LENT	EASTER	21	http://dbpedia.org/resource/Lent	http://dbpedia.org/resource/Easter
FIFTEEN	SIXTEEN	30	http://dbpedia.org/resource/15_(number)	http://dbpedia.org/resource/16_(number)
TOMATOES	RED	25	http://dbpedia.org/resource/Tomato	http://dbpedia.org/resource/Red
PATIENTS	HOSPITAL	44	http://dbpedia.org/resource/Patient	http://dbpedia.org/resource/Hospital
PENNIES	MONEY	21	http://dbpedia.org/resource/Penny	http://dbpedia.org/resource/Money
DERMIS	SKIN	45	http://dbpedia.org/resource/Dermis	http://dbpedia.org/resource/Skin
PORPOISE	FISH	22	http://dbpedia.org/resource/Porpoise	http://dbpedia.org/resource/Fish
BOOTS	SHOES	36	http://dbpedia.org/resource/Boot	http://dbpedia.org/resource/Shoe
PONY	HORSE	30	http://dbpedia.org/resource/Pony	http://dbpedia.org/resource/Horse
DARTS	PUB	20	http://dbpedia.org/resource/Darts	http://dbpedia.org/resource/Pub
SUN	MOON	25	http://dbpedia.org/resource/Sun	http://dbpedia.org/resource/Moon
CONCEPT	IDEA	46	http://dbpedia.org/resource/Concept	http://dbpedia.org/resource/Idea
TWIG	TREE	22	http://dbpedia.org/resource/Twig	http://dbpedia.org/resource/Tree
EROSION	SOIL	23	http://dbpedia.org/resource/Erosion	http://dbpedia.org/resource/Soil
EAR	NOSE	21	http://dbpedia.org/resource/Ear	http://dbpedia.org/resource/Nose
CUISINE	FOOD	30	http://dbpedia.org/resource/Cuisine	http://dbpedia.org/resource/Food
BUTCHER	MEAT	48	http://dbpedia.org/resource/Butcher	http://dbpedia.org/resource/Meat
BACON	EGGS	21	http://dbpedia.org/resource/Bacon	http://dbpedia.org/resource/Egg
MEAL	FOOD	42	http://dbpedia.org/resource/Meal	http://dbpedia.org/resource/Food
LEG	ARM	22	http://dbpedia.org/resource/Leg	http://dbpedia.org/resource/Arm
SEAGULL	BIRD	26	http://dbpedia.org/resource/Gull	http://dbpedia.org/resource/Bird
DENTISTRY	TEETH	41	http://dbpedia.org/resource/Dentistry	http://dbpedia.org/resource/Tooth
EXPENSE	MONEY	37	http://dbpedia.org/resource/Expense	http://dbpedia.org/resource/Money
GUMS	TEETH	38	http://dbpedia.org/resource/Gingiva	http://dbpedia.org/resource/Tooth
PROTESTANT	CATHOLIC	42	http://dbpedia.org/resource/Protestantism	http://dbpedia.org/resource/Catholicism
PEAR	APPLE	28	http://dbpedia.org/resource/Pear	http://dbpedia.org/resource/Apple
SECONDS	TIME	25	http://dbpedia.org/resource/Second	http://dbpedia.org/resource/Time
BLEEDING	BLOOD	20	http://dbpedia.org/resource/Bleeding	http://dbpedia.org/resource/Blood
CANDLES	LIGHT	26	http://dbpedia.org/resource/Candle	http://dbpedia.org/resource/Light
TORNADO	WIND	36	http://dbpedia.org/resource/Tornado	http://dbpedia.org/resource/Wind
CHIVALRY	KNIGHT	27	http://dbpedia.org/resource/Chivalry	http://dbpedia.org/resource/Knight
GREENHOUSE	PLANTS	22	http://dbpedia.org/resource/Greenhouse	http://dbpedia.org/resource/Plant
SYMPHONY	MUSIC	31	http://dbpedia.org/resource/Symphony	http://dbpedia.org/resource/Music
SCHOONER	SHIP	26	http://dbpedia.org/resource/Schooner	http://dbpedia.org/resource/Ship
PILLOW	BED	23	http://dbpedia.org/resource/Pillow	http://dbpedia.org/resource/Bed
SUGGESTION	IDEA	23	http://dbpedia.org/resource/Suggestion	http://dbpedia.org/resource/Idea
FLIRT	GIRL	21	http://dbpedia.org/resource/Flirting	http://dbpedia.org/resource/Girl
POLYTHENE	PLASTIC	20	http://dbpedia.org/resource/Polyethylene	http://dbpedia.org/resource/Plastic
EVEREST	MOUNTAIN	39	http://dbpedia.org/resource/Mount_Everest	http://dbpedia.org/resource/Mountain
BRIBE	MONEY	37	http://dbpedia.org/resource/Bribery	http://dbpedia.org/resource/Money
IMPRISONMENT	JAIL	21	http://dbpedia.org/resource/Imprisonment	http://dbpedia.org/resource/Prison
ROCKS	SEA	24	http://dbpedia.org/resource/Rock_(geology)	http://dbpedia.org/resource/Sea
DIGESTION	FOOD	23	http://dbpedia.org/resource/Digestion	http://dbpedia.org/resource/Food
HORNPIPE	DANCE	29	http://dbpedia.org/resource/Hornpipe	http://dbpedia.org/resource/Dance
TRANSPORT	BUS	24	http://dbpedia.org/resource/Transport	http://dbpedia.org/resource/Bus
MATTRESS	BED	60	http://dbpedia.org/resource/Mattress	http://dbpedia.org/resource/Bed
CIRCLES	SQUARES	30	http://dbpedia.org/resource/Circle	http://dbpedia.org/resource/Square
SICKLE	SCYTHE	21	http://dbpedia.org/resource/Sickle	http://dbpedia.org/resource/Scythe
JUPITER	PLANET	34	http://dbpedia.org/resource/Jupiter	http://dbpedia.org/resource/Planet
VASE	FLOWERS	43	http://dbpedia.org/resource/Vase	http://dbpedia.org/resource/Flower
ASHTRAY	CIGARETTE	28	http://dbpedia.org/resource/Ashtray	http://dbpedia.org/resource/Cigarette
TROT	HORSE	28	http://dbpedia.org/resource/Trot	http://dbpedia.org/resource/Horse
SETTER	RED	28	http://dbpedia.org/resource/Setter	http://dbpedia.org/resource/Red
CONSTRUCTION	BUILDING	36	http://dbpedia.org/resource/Construction	http://dbpedia.org/resource/Building
ARMIES	WAR	24	http://dbpedia.org/resource/Army	http://dbpedia.org/resource/War
PANSY	FLOWER	34	http://dbpedia.org/resource/Pansy	http://dbpedia.org/resource/Flower
FROST	COLD	21	http://dbpedia.org/resource/Frost	http://dbpedia.org/resource/Cold
NAPALM	VIETNAM	20	http://dbpedia.org/resource/Napalm	http://dbpedia.org/resource/Vietnam
HOSTEL	YOUTH	46	http://dbpedia.org/resource/Hostel	http://dbpedia.org/resource/Youth
FORTNIGHT	WEEK	21	http://dbpedia.org/resource/Fortnight	http://dbpedia.org/resource/Week
WALLPAPER	PAINT	20	http://dbpedia.org/resource/Wallpaper	http://dbpedia.org/resource/Paint
LIONS	TIGERS	26	http://dbpedia.org/resource/Lion	http://dbpedia.org/resource/Tiger
TAR	ROAD	25	http://dbpedia.org/resource/Tar	http://dbpedia.org/resource/Road
REPLY	ANSWER	47	http://dbpedia.org/resource/Reply	http://dbpedia.org/resource/Answer
SLIPPER	SHOE	30	http://dbpedia.org/resource/Slipper	http://dbpedia.org/resource/Shoe
PLAICE	FISH	67	http://dbpedia.org/resource/Plaice	http://dbpedia.org/resource/Fish
FAMINE	HUNGER	35	http://dbpedia.org/resource/Famine	http://dbpedia.org/resource/Hunger
WIRELESS	RADIO	40	http://dbpedia.org/resource/Wireless	http://dbpedia.org/resource/Radio
NEED	WANT	21	http://dbpedia.org/resource/Need	http://dbpedia.org/resource/Want
VACATION	HOLIDAY	40	http://dbpedia.org/resource/Vacation	http://dbpedia.org/resource/Holiday
SERF	SLAVE	30	http://dbpedia.org/resource/Serfdom	http://dbpedia.org/resource/Slavery
THERMODYNAMICS	HEAT	29	http://dbpedia.org/resource/Thermodynamics	http://dbpedia.org/resource/Heat
LAKE	WATER	25	http://dbpedia.org/resource/Lake	http://dbpedia.org/resource/Water
FAECES	SHIT	26	http://dbpedia.org/resource/Feces	http://dbpedia.org/resource/Shit
ALGEBRA	MATHS	34	http://dbpedia.org/resource/Algebra	http://dbpedia.org/resource/Mathematics
COAST	SEA	27	http://dbpedia.org/resource/Coast	http://dbpedia.org/resource/Sea
SHIP	SEA	23	http://dbpedia.org/resource/Ship	http://dbpedia.org/resource/Sea
SOUND	NOISE	32	http://dbpedia.org/resource/Sound	http://dbpedia.org/resource/Noise
MERCENARY	MONEY	23	http://dbpedia.org/resource/Mercenary	http://dbpedia.org/resource/Money
BEETROOT	RED	35	http://dbpedia.org/resource/Beetroot	http://dbpedia.org/resource/Red
SALARY	MONEY	33	http://dbpedia.org/resource/Salary	http://dbpedia.org/resource/Money
SATURN	PLANET	28	http://dbpedia.org/resource/Saturn	http://dbpedia.org/resource/Planet
RODENT	RAT	55	http://dbpedia.org/resource/Rodent	http://dbpedia.org/resource/Rat
BEES	HONEY	31	http://dbpedia.org/resource/Bee	http://dbpedia.org/resource/Honey
DUSTBIN	RUBBISH	27	http://dbpedia.org/resource/Waste_container	http://dbpedia.org/resource/Municipal_solid_waste
SARCASM	WIT	41	http://dbpedia.org/resource/Sarcasm	http://dbpedia.org/resource/Wit
COOKIES	BISCUITS	22	http://dbpedia.org/resource/Cookie	http://dbpedia.org/resource/Biscuit
PLANKTON	SEA	20	http://dbpedia.org/resource/Plankton	http://dbpedia.org/resource/Sea
RESERVOIR	WATER	75	http://dbpedia.org/resource/Reservoir	http://dbpedia.org/resource/Water
OPTIMISM	HOPE	22	http://dbpedia.org/resource/Optimism	http://dbpedia.org/resource/Hope
JOCKEY	HORSE	55	http://dbpedia.org/resource/Jockey	http://dbpedia.org/resource/Horse
AUTHOR	BOOK	49	http://dbpedia.org/resource/Author	http://dbpedia.org/resource/Book
THIRTY	FORTY	32	http://dbpedia.org/resource/30_(number)	http://dbpedia.org/resource/40_(number)
BEDSIT	ROOM	28	http://dbpedia.org/resource/Bedsit	http://dbpedia.org/resource/Room
RAINBOW	COLOURS	30	http://dbpedia.org/resource/Rainbow	http://dbpedia.org/resource/Color
CORDUROY	TROUSERS	53	http://dbpedia.org/resource/Corduroy	http://dbpedia.org/resource/Trousers
SMOG	FOG	38	http://dbpedia.org/resource/Smog	http://dbpedia.org/resource/Fog
NEWT	FROG	24	http://dbpedia.org/resource/Newt	http://dbpedia.org/resource/Frog
NOVELS	BOOKS	45	http://dbpedia.org/resource/Novel	http://dbpedia.org/resource/Book
CANVAS	TENT	41	http://dbpedia.org/resource/Canvas	http://dbpedia.org/resource/Tent
AGGRESSION	FIGHT	22	http://dbpedia.org/resource/Aggression	http://dbpedia.org/resource/Combat
FORD	CAR	35	http://dbpedia.org/resource/Ford_Motor_Company	http://dbpedia.org/resource/Automobile
PORTRAIT	PICTURE	29	http://dbpedia.org/resource/Portrait	http://dbpedia.org/resource/Image
PLANETS	STARS	21	http://dbpedia.org/resource/Planet	http://dbpedia.org/resource/Star
EDUCATION	SCHOOL	30	http://dbpedia.org/resource/Education	http://dbpedia.org/resource/School
PUTTY	WINDOW	22	http://dbpedia.org/resource/Putty	http://dbpedia.org/resource/Window
ADULTS	CHILDREN	27	http://dbpedia.org/resource/Adult	http://dbpedia.org/resource/Child
CART	HORSE	66	http://dbpedia.org/resource/Cart	http://dbpedia.org/resource/Horse
FIZZ	LEMONADE	22	http://dbpedia.org/resource/Carbonation	http://dbpedia.org/resource/Lemonade
MOORLAND	HEATH	23	http://dbpedia.org/resource/Moorland	http://dbpedia.org/resource/Heath
BAGPIPES	SCOTLAND	23	http://dbpedia.org/resource/Bagpipes	http://dbpedia.org/resource/Scotland
BARRISTER	LAW	34	http://dbpedia.org/resource/Barrister	http://dbpedia.org/resource/Law
OPTIMISM	PESSIMISM	25	http://dbpedia.org/resource/Optimism	http://dbpedia.org/resource/Pessimism
EVIDENCE	COURT	21	http://dbpedia.org/resource/Evidence	http://dbpedia.org/resource/Court
EMBER	FIRE	42	http://dbpedia.org/resource/Ember	http://dbpedia.org/resource/Fire
LEAVES	TREE	26	http://dbpedia.org/resource/Leaf	http://dbpedia.org/resource/Tree
MORTGAGE	HOUSE	59	http://dbpedia.org/resource/Mortgage_loan	http://dbpedia.org/resource/House
RIBBON	HAIR	25	http://dbpedia.org/resource/Ribbon	http://dbpedia.org/resource/Hair
FORESTRY	TREES	32	http://dbpedia.org/resource/Forestry	http://dbpedia.org/resource/Tree
WINTER	SNOW	25	http://dbpedia.org/resource/Winter	http://dbpedia.org/resource/Snow
HOMICIDE	DEATH	22	http://dbpedia.org/resource/Homicide	http://dbpedia.org/resource/Death
DIABETIC	SUGAR	41	http://dbpedia.org/resource/Diabetes_mellitus	http://dbpedia.org/resource/Sugar
MOUNTAINS	HILLS	20	http://dbpedia.org/resource/Mountain	http://dbpedia.org/resource/Hill
INDIGESTION	PAIN	20	http://dbpedia.org/resource/Dyspepsia	http://dbpedia.org/resource/Pain
QUARTO	PAPER	39	http://dbpedia.org/resource/Quarto	http://dbpedia.org/resource/Paper
KNIGHT	ARMOUR	24	http://dbpedia.org/resource/Knight	http://dbpedia.org/resource/Armour
PANTRY	FOOD	48	http://dbpedia.org/resource/Pantry	http://dbpedia.org/resource/Food
FALCON	BIRD	44	http://dbpedia.org/resource/Falcon	http://dbpedia.org/resource/Bird
MARGARINE	BUTTER	67	http://dbpedia.org/resource/Margarine	http://dbpedia.org/resource/Butter
IN-LAW	MOTHER	40	http://dbpedia.org/resource/Affinity_(law)	http://dbpedia.org/resource/Mother
FUEL	PETROL	20	http://dbpedia.org/resource/Fuel	http://dbpedia.org/resource/Gasoline
CONJUNCTIVITIS	EYES	31	http://dbpedia.org/resource/Conjunctivitis	http://dbpedia.org/resource/Eye
WAND	FAIRY	26	http://dbpedia.org/resource/Wand	http://dbpedia.org/resource/Fairy
MALLET	HAMMER	49	http://dbpedia.org/resource/Mallet	http://dbpedia.org/resource/Hammer
PRAYER	GOD	20	http://dbpedia.org/resource/Prayer	http://dbpedia.org/resource/God
SIGNALMAN	RAILWAY	39	http://dbpedia.org/resource/Signalman	http://dbpedia.org/resource/Rail_transport
BARREL	BEER	51	http://dbpedia.org/resource/Barrel	http://dbpedia.org/resource/Beer
PETAL	FLOWER	57	http://dbpedia.org/resource/Petal	http://dbpedia.org/resource/Flower
GLOVES	HANDS	27	http://dbpedia.org/resource/Glove	http://dbpedia.org/resource/Hand
BLOUSE	SHIRT	24	http://dbpedia.org/resource/Blouse	http://dbpedia.org/resource/Shirt
CARTON	MILK	40	http://dbpedia.org/resource/Carton	http://dbpedia.org/resource/Milk
SANDALS	SHOES	29	http://dbpedia.org/resource/Sandal	http://dbpedia.org/resource/Shoe
FLUID	LIQUID	22	http://dbpedia.org/resource/Fluid	http://dbpedia.org/resource/Liquid
GRAIN	WHEAT	21	http://dbpedia.org/resource/Food_grain	http://dbpedia.org/resource/Wheat
JUICE	FRUIT	25	http://dbpedia.org/resource/Juice	http://dbpedia.org/resource/Fruit
BLANKET	BED	27	http://dbpedia.org/resource/Blanket	http://dbpedia.org/resource/Bed
STABLE	HORSE	48	http://dbpedia.org/resource/Stable	http://dbpedia.org/resource/Horse
ANCHOR	SHIP	27	http://dbpedia.org/resource/Anchor	http://dbpedia.org/resource/Ship
LEMONADE	DRINK	20	http://dbpedia.org/resource/Lemonade	http://dbpedia.org/resource/Drink
JUNE	JULY	49	http://dbpedia.org/resource/June	http://dbpedia.org/resource/July
WEASEL	STOAT	57	http://dbpedia.org/resource/Weasel	http://dbpedia.org/resource/Stoat
LEEKS	WALES	29	http://dbpedia.org/resource/Leek	http://dbpedia.org/resource/Wales
FREEZING	COLD	69	http://dbpedia.org/resource/Freezing	http://dbpedia.org/resource/Cold
CARPENTER	WOOD	46	http://dbpedia.org/resource/Carpentry	http://dbpedia.org/resource/Wood
DECEIT	LIE	20	http://dbpedia.org/resource/Deception	http://dbpedia.org/resource/Lie
GALLON	PETROL	20	http://dbpedia.org/resource/Gallon	http://dbpedia.org/resource/Gasoline
DAYS	WEEKS	21	http://dbpedia.org/resource/Day	http://dbpedia.org/resource/Week
SPELLING	WORDS	20	http://dbpedia.org/resource/Spelling	http://dbpedia.org/resource/Word
COFFINS	DEATH	27	http://dbpedia.org/resource/Coffin	http://dbpedia.org/resource/Death
PATRIOTISM	COUNTRY	21	http://dbpedia.org/resource/Patriotism	http://dbpedia.org/resource/Country
GRANITE	STONE	22	http://dbpedia.org/resource/Granite	http://dbpedia.org/resource/Rock_(geology)
RUINS	CASTLE	29	http://dbpedia.org/resource/Ruins	http://dbpedia.org/resource/Castle
BARNS	HAY	26	http://dbpedia.org/resource/Barn	http://dbpedia.org/resource/Hay
OSTRICH	FEATHER	22	http://dbpedia.org/resource/Ostrich	http://dbpedia.org/resource/Feather
SHOULDER	ARM	20	http://dbpedia.org/resource/Shoulder	http://dbpedia.org/resource/Arm
UNCLE	AUNT	56	http://dbpedia.org/resource/Uncle	http://dbpedia.org/resource/Aunt
GLUCOSE	SUGAR	56	http://dbpedia.org/resource/Glucose	http://dbpedia.org/resource/Sugar
COMRADE	FRIEND	50	http://dbpedia.org/resource/Comrade	http://dbpedia.org/resource/Friendship
JUICES	FRUIT	39	http://dbpedia.org/resource/Juice	http://dbpedia.org/resource/Fruit
